{
	"credit": "Made with Blockbench",
	"parent": "block/cube_all",
	"textures": {
		"0": "block/gao",
		"particle": "block/gao"
	},
	"elements": [
		{
			"from": [6.1, 4.8, -2.2],
			"to": [6.9, 9.7, -1.5],
			"rotation": {"angle": -45, "axis": "x", "origin": [14, 13.7, 5.8]},
			"faces": {
				"north": {"uv": [0, 0, 9.799, 2.9], "texture": "#0"},
				"east": {"uv": [2, 0.9, 7.799, 1.9], "texture": "#0"},
				"south": {"uv": [0, 0, 9.799, 2.9], "texture": "#0"},
				"west": {"uv": [1, 0.9, 8.799, 1.9], "texture": "#0"},
				"up": {"uv": [0, 0, 9.799, 2.9], "texture": "#0"},
				"down": {"uv": [0, 0, 9.799, 2.9], "texture": "#0"}
			}
		},
		{
			"from": [5.9, 5.2, 3],
			"to": [7.1, 6.1, 5.7],
			"rotation": {"angle": 0, "axis": "x", "origin": [14, 13.2, -1]},
			"faces": {
				"north": {"uv": [0, 1, 0.9, 2], "rotation": 270, "texture": "#0"},
				"east": {"uv": [4, 1, 8.9, 2], "rotation": 270, "texture": "#0"},
				"south": {"uv": [1, 1, 8.9, 2], "rotation": 270, "texture": "#0"},
				"west": {"uv": [1, 1, 8.9, 2], "rotation": 270, "texture": "#0"},
				"up": {"uv": [0, 0, 9.9, 3], "rotation": 270, "texture": "#0"},
				"down": {"uv": [0, 0, 9.9, 3], "rotation": 270, "texture": "#0"}
			}
		},
		{
			"from": [5.8, 1.6, 6.2],
			"to": [7.3, 2.6, 7.9],
			"rotation": {"angle": 0, "axis": "x", "origin": [14, 9.4, 3]},
			"faces": {
				"north": {"uv": [0, 3, 3, 3.7], "rotation": 270, "texture": "#0"},
				"east": {"uv": [0, 3, 3, 3.7], "rotation": 270, "texture": "#0"},
				"south": {"uv": [0, 3, 3, 3.7], "rotation": 270, "texture": "#0"},
				"west": {"uv": [5, 3, 8, 3.7], "rotation": 270, "texture": "#0"},
				"up": {"uv": [0, 3, 3, 3.7], "rotation": 270, "texture": "#0"},
				"down": {"uv": [0, 3, 3, 3.7], "rotation": 270, "texture": "#0"}
			}
		},
		{
			"from": [5, 2.4, 5.6],
			"to": [8.1, 6.3, 11],
			"rotation": {"angle": 0, "axis": "x", "origin": [14, 13.2, 3]},
			"faces": {
				"north": {"uv": [5, 3, 11.1, 8.4], "texture": "#0"},
				"east": {"uv": [5, 3, 11.1, 8.4], "texture": "#0"},
				"south": {"uv": [5, 3, 11.1, 8.4], "texture": "#0"},
				"west": {"uv": [5, 3, 11.1, 8.4], "texture": "#0"},
				"up": {"uv": [5, 3, 11.1, 8.4], "texture": "#0"},
				"down": {"uv": [5, 3, 11.1, 8.4], "texture": "#0"}
			}
		},
		{
			"from": [4.5, 2.8, 6.1],
			"to": [8.7, 5.9, 10.6],
			"rotation": {"angle": 0, "axis": "x", "origin": [14, 13.2, 3]},
			"faces": {
				"north": {"uv": [0, 4, 15.1, 8.5], "rotation": 270, "texture": "#0"},
				"east": {"uv": [0, 4, 15.1, 8.5], "rotation": 270, "texture": "#0"},
				"south": {"uv": [0, 4, 15.1, 8.5], "rotation": 270, "texture": "#0"},
				"west": {"uv": [0, 4, 15.1, 8.5], "rotation": 270, "texture": "#0"},
				"up": {"uv": [0, 4, 15.1, 8.5], "rotation": 270, "texture": "#0"},
				"down": {"uv": [0, 4, 15.1, 8.5], "rotation": 270, "texture": "#0"}
			}
		},
		{
			"from": [4.5, 1.6, 11],
			"to": [8.6, 6.8, 11.4],
			"rotation": {"angle": 0, "axis": "x", "origin": [14, 13.2, 8.4]},
			"faces": {
				"north": {"uv": [14, 0, 16, 2.4], "rotation": 270, "texture": "#0"},
				"east": {"uv": [14, 0, 16, 2.4], "rotation": 270, "texture": "#0"},
				"south": {"uv": [14, 0, 16, 2.4], "rotation": 270, "texture": "#0"},
				"west": {"uv": [14, 0, 16, 2.4], "rotation": 270, "texture": "#0"},
				"up": {"uv": [14, 0, 16, 2.4], "rotation": 270, "texture": "#0"},
				"down": {"uv": [14, 0, 16, 2.4], "rotation": 270, "texture": "#0"}
			}
		},
		{
			"from": [4.9, 2.4, 11.4],
			"to": [8.2, 6, 12],
			"rotation": {"angle": 0, "axis": "x", "origin": [14, 13.2, 8.8]},
			"faces": {
				"north": {"uv": [0, 9, 2.1, 10.6], "rotation": 270, "texture": "#0"},
				"east": {"uv": [0, 9, 2.1, 10.6], "rotation": 270, "texture": "#0"},
				"south": {"uv": [0, 9, 2.1, 10.6], "rotation": 270, "texture": "#0"},
				"west": {"uv": [0, 9, 2.1, 10.6], "rotation": 270, "texture": "#0"},
				"up": {"uv": [0, 9, 2.1, 10.6], "rotation": 270, "texture": "#0"},
				"down": {"uv": [0, 9, 2.1, 10.6], "rotation": 270, "texture": "#0"}
			}
		},
		{
			"from": [5.3, 2.7, 12],
			"to": [7.9, 5.7, 13],
			"rotation": {"angle": 0, "axis": "x", "origin": [14, 13.2, 9.4]},
			"faces": {
				"north": {"uv": [3, 9, 5.5, 11], "rotation": 270, "texture": "#0"},
				"east": {"uv": [3, 9, 5.5, 11], "rotation": 270, "texture": "#0"},
				"south": {"uv": [3, 9, 5.5, 11], "rotation": 270, "texture": "#0"},
				"west": {"uv": [3, 9, 5.5, 11], "rotation": 270, "texture": "#0"},
				"up": {"uv": [3, 9, 5.5, 11], "rotation": 270, "texture": "#0"},
				"down": {"uv": [3, 9, 5.5, 11], "rotation": 270, "texture": "#0"}
			}
		},
		{
			"from": [5.6, 3.1, 13],
			"to": [7.6, 5.4, 13.7],
			"rotation": {"angle": 0, "axis": "x", "origin": [14, 13.2, 10.4]},
			"faces": {
				"north": {"uv": [6, 9, 8.799, 10.7], "rotation": 270, "texture": "#0"},
				"east": {"uv": [6, 9, 8.799, 10.7], "rotation": 270, "texture": "#0"},
				"south": {"uv": [6, 9, 8.799, 10.7], "rotation": 270, "texture": "#0"},
				"west": {"uv": [6, 9, 8.799, 10.7], "rotation": 270, "texture": "#0"},
				"up": {"uv": [6, 9, 8.799, 10.7], "rotation": 270, "texture": "#0"},
				"down": {"uv": [6, 9, 8.799, 10.7], "rotation": 270, "texture": "#0"}
			}
		},
		{
			"from": [5.9, 3.4, 13.7],
			"to": [7.3, 5.1, 14.3],
			"rotation": {"angle": 0, "axis": "x", "origin": [14, 13.2, 11.1]},
			"faces": {
				"north": {"uv": [9, 9, 11.2, 10.6], "rotation": 270, "texture": "#0"},
				"east": {"uv": [9, 9, 11.2, 10.6], "rotation": 270, "texture": "#0"},
				"south": {"uv": [9, 9, 11.2, 10.6], "rotation": 270, "texture": "#0"},
				"west": {"uv": [9, 9, 11.2, 10.6], "rotation": 270, "texture": "#0"},
				"up": {"uv": [9, 9, 11.2, 10.6], "rotation": 270, "texture": "#0"},
				"down": {"uv": [9, 9, 11.2, 10.6], "rotation": 270, "texture": "#0"}
			}
		}
	],
	"display": {
		"thirdperson_righthand": {
			"rotation": [-104, 0, 0],
			"translation": [1.25, 0, -3.5]
		},
		"thirdperson_lefthand": {
			"rotation": [-95, 0, 0],
			"translation": [0, -1.75, -5.5]
		},
		"firstperson_righthand": {
			"rotation": [-19, -171, -2],
			"translation": [-2, 7.75, 0.5]
		},
		"firstperson_lefthand": {
			"rotation": [-8, -161, -7],
			"translation": [0.5, 6.75, 0]
		},
		"ground": {
			"translation": [0, 2.25, 0]
		},
		"gui": {
			"rotation": [42, -53, 61],
			"translation": [-1, 5.5, 0],
			"scale": [1.5, 1.5, 1.5]
		},
		"fixed": {
			"rotation": [-7, 98, 0],
			"translation": [-1.75, 4.5, -5],
			"scale": [1.4, 1.4, 1.4]
		}
	}
}