{
	"credit": "Made with Blockbench",
	"textures": {
		"0": "block/iron",
		"particle": "block/iron"
	},
	"elements": [
		{
			"from": [11.5, 0, 7.58],
			"to": [17.1, 5.6, 8],
			"rotation": {"angle": 0, "axis": "y", "origin": [11.5, 5.6, 12.9]},
			"faces": {
				"north": {"uv": [7, 0, 11, 7], "texture": "#0"},
				"east": {"uv": [8, 8, 12, 16], "texture": "#0"},
				"south": {"uv": [0, 0, 5, 7], "texture": "#0"},
				"west": {"uv": [0, 2, 4, 10], "texture": "#0"},
				"up": {"uv": [10, 8, 14, 16], "rotation": 90, "texture": "#0"},
				"down": {"uv": [0, 8, 4, 16], "rotation": 270, "texture": "#0"}
			}
		}
	],
	"display": {
		"thirdperson_righthand": {
			"translation": [-6, 3.5, 0]
		},
		"thirdperson_lefthand": {
			"translation": [6.25, 3.25, 0]
		},
		"firstperson_righthand": {
			"rotation": [-2, -1, 0],
			"translation": [-7.5, 9.25, 3.25]
		},
		"firstperson_lefthand": {
			"translation": [7.25, 8.75, 1.25]
		},
		"ground": {
			"translation": [-7, 3.5, 0]
		},
		"gui": {
			"rotation": [13, 33, -1],
			"translation": [-10.25, 8.5, 0],
			"scale": [2, 2, 2]
		},
		"fixed": {
			"translation": [-12.75, 10.25, 0],
			"scale": [2, 2, 2]
		}
	}
}